{"cameraMode":{"drawMode":0,"name":"Shaded","section":"Shading Mode"},"sceneLighting":true,"audioPlay":false,"sceneViewState":{"m_AlwaysRefresh":false,"showFog":true,"showSkybox":true,"showFlares":true,"showImageEffects":true,"showParticleSystems":true,"showVisualEffectGraphs":true,"m_FxEnabled":true},"in2DMode":false,"pivot":{"x":-0.680180549621582,"y":-0.07280445098876953,"z":0.07909011840820313},"rotation":{"x":-0.10028789937496185,"y":0.8975766897201538,"z":-0.2691291272640228,"w":-0.334472119808197},"size":3.4102530479431154,"orthographic":false}