{"cameraMode":{"drawMode":0,"name":"Shaded","section":"Shading Mode"},"sceneLighting":true,"audioPlay":false,"sceneViewState":{"m_AlwaysRefresh":false,"showFog":true,"showSkybox":true,"showFlares":true,"showImageEffects":true,"showParticleSystems":true,"showVisualEffectGraphs":true,"m_FxEnabled":true},"in2DMode":false,"pivot":{"x":-5.565859794616699,"y":-8.886119842529297,"z":17.829999923706056},"rotation":{"x":0.324043333530426,"y":-0.0028388032224029304,"z":0.0009712750324979425,"w":0.946042537689209},"size":17.19542694091797,"orthographic":true}